<?xml version="1.0" encoding="utf-8" ?>
<tile>
  <data>
    <name>Blank</name>
    <number>0</number>
    <image>Resource/Tile/Blank.png</image>
  </data>

  <data>
    <name>Main_character_right</name>
    <number>1</number>
    <image>Resource/Tile/Main_character_right.png</image>
  </data>

  <data>
    <name>Ground_stone</name>
    <number>2</number>
    <image>Resource/Tile/Ground_stone.png</image>
  </data>

  <data>
    <name>Ground_earth</name>
    <number>3</number>
    <image>Resource/Tile/Ground_earth.png</image>
  </data>

  <data>
    <name>Ground_earth_up</name>
    <number>4</number>
    <image>Resource/Tile/Ground_earth_up.png</image>
  </data>

  <data>
    <name>Ground_creeper</name>
    <number>5</number>
    <image>Resource/Tile/Ground_creeper.png</image>
  </data>

  <data>
    <name>Ground_water</name>
    <number>6</number>
    <image>Resource/Tile/Ground_water.png</image>
  </data>

  <data>
    <name>Ground_water_up</name>
    <number>7</number>
    <image>Resource/Tile/Ground_water_up.png</image>
  </data>

  <data>
    <name>Jail_trap</name>
    <number>8</number>
    <image>Resource/Tile/Jail_trap.png</image>
  </data>

  <data>
    <name>Jail_button</name>
    <number>9</number>
    <image>Resource/Tile/Jail_button.png</image>
  </data>

  <data>
    <name>Glass</name>
    <number>10</number>
    <image>Resource/Tile/Glass.png</image>
  </data>

  <data>
    <name>Arrival</name>
    <number>11</number>
    <image>Resource/Tile/Arrival.png</image>
  </data>

  <data>
    <name>Montrilo_door</name>
    <number>12</number>
    <image>Resource/Tile/Montrilo_door.png</image>
  </data>

  <data>
    <name>Spark</name>
    <number>13</number>
    <image>Resource/Tile/Spark.png</image>
  </data>


</tile>